task,episode,expected_seed,seed,turns,outcome,demo_entry,note
adjust_bottle,0,100000,100000,10,success,1,PDF 2026-10-07
adjust_bottle,1,100002,100002,5,success,,PDF 2026-10-07
adjust_bottle,2,100003,100003,10,success,,PDF 2026-10-07
adjust_bottle,3,100004,100004,21,failure,,PDF 2026-10-07
adjust_bottle,4,100005,100005,6,success,,PDF 2026-10-07
adjust_bottle,5,100006,100006,6,success,,PDF 2026-10-07
adjust_bottle,6,100007,100007,5,success,,PDF 2026-10-07
adjust_bottle,7,100008,100008,5,success,,PDF 2026-10-07
adjust_bottle,8,100010,100010,45,failure,,PDF 2026-10-07
adjust_bottle,9,100012,100012,45,failure,,PDF 2026-10-07
beat_block_hammer,0,100000,,,,,
beat_block_hammer,1,100001,,,,,
beat_block_hammer,2,100002,,,,,
beat_block_hammer,3,100003,,,,,
beat_block_hammer,4,100004,,,,,
beat_block_hammer,5,100005,,,,,
beat_block_hammer,6,100007,,,,,
beat_block_hammer,7,100010,,,,,
beat_block_hammer,8,100011,,,,,
beat_block_hammer,9,100012,,,,,
blocks_ranking_rgb,0,100000,,,,,
blocks_ranking_rgb,1,100001,,,,,
blocks_ranking_rgb,2,100002,,,,,
blocks_ranking_rgb,3,100003,,,,,
blocks_ranking_rgb,4,100004,,,,,
blocks_ranking_rgb,5,100005,,,,,
blocks_ranking_rgb,6,100006,,,,,
blocks_ranking_rgb,7,100007,,,,,
blocks_ranking_rgb,8,100008,,,,,
blocks_ranking_rgb,9,100009,,,,,
blocks_ranking_size,0,100000,,,,,
blocks_ranking_size,1,100001,,,,,
blocks_ranking_size,2,100002,,,,,
blocks_ranking_size,3,100003,,,,,
blocks_ranking_size,4,100004,,,,,
blocks_ranking_size,5,100005,,,,,
blocks_ranking_size,6,100006,,,,,
blocks_ranking_size,7,100007,,,,,
blocks_ranking_size,8,100009,,,,,
blocks_ranking_size,9,100010,,,,,
click_alarmclock,0,100000,,,,,
click_alarmclock,1,100001,,,,,
click_alarmclock,2,100003,,,,,
click_alarmclock,3,100004,,,,,
click_alarmclock,4,100005,,,,,
click_alarmclock,5,100006,,,,,
click_alarmclock,6,100007,,,,,
click_alarmclock,7,100009,,,,,
click_alarmclock,8,100011,,,,,
click_alarmclock,9,100012,,,,,
click_bell,0,100000,,,,,
click_bell,1,100001,,,,,
click_bell,2,100002,,,,,
click_bell,3,100003,,,,,
click_bell,4,100004,,,,,
click_bell,5,100005,,,,,
click_bell,6,100006,,,,,
click_bell,7,100007,,,,,
click_bell,8,100008,,,,,
click_bell,9,100009,,,,,
dump_bin_bigbin,0,100007,,,,,
dump_bin_bigbin,1,100032,,,,,
dump_bin_bigbin,2,100019,,,,,
dump_bin_bigbin,3,100020,,,,,
dump_bin_bigbin,4,100033,,,,,
dump_bin_bigbin,5,100023,,,,,
dump_bin_bigbin,6,100027,,,,,
dump_bin_bigbin,7,100029,,,,,
dump_bin_bigbin,8,100038,,,,,
dump_bin_bigbin,9,100041,,,,,
grab_roller,0,100000,,,,,
grab_roller,1,100001,,,,,
grab_roller,2,100002,,,,,
grab_roller,3,100004,,,,,
grab_roller,4,100006,,,,,
grab_roller,5,100007,,,,,
grab_roller,6,100008,,,,,
grab_roller,7,100009,,,,,
grab_roller,8,100011,,,,,
grab_roller,9,100012,,,,,
handover_block,0,100001,,,,,
handover_block,1,100002,,,,,
handover_block,2,100003,,,,,
handover_block,3,100004,,,,,
handover_block,4,100005,,,,,
handover_block,5,100006,,,,,
handover_block,6,100008,,,,,
handover_block,7,100009,,,,,
handover_block,8,100010,,,,,
handover_block,9,100013,,,,,
handover_mic,0,100000,,,,,
handover_mic,1,100002,,,,,
handover_mic,2,100003,,,,,
handover_mic,3,100004,,,,,
handover_mic,4,100005,,,,,
handover_mic,5,100006,,,,,
handover_mic,6,100007,,,,,
handover_mic,7,100008,,,,,
handover_mic,8,100009,,,,,
handover_mic,9,100012,,,,,
hanging_mug,0,100000,,,,,
hanging_mug,1,100002,,,,,
hanging_mug,2,100003,,,,,
hanging_mug,3,100004,,,,,
hanging_mug,4,100005,,,,,
hanging_mug,5,100006,,,,,
hanging_mug,6,100008,,,,,
hanging_mug,7,100009,,,,,
hanging_mug,8,100010,,,,,
hanging_mug,9,100018,,,,,
lift_pot,0,100001,,,,,
lift_pot,1,100002,,,,,
lift_pot,2,100007,,,,,
lift_pot,3,100009,,,,,
lift_pot,4,100017,,,,,
lift_pot,5,100021,,,,,
lift_pot,6,100022,,,,,
lift_pot,7,100023,,,,,
lift_pot,8,100027,,,,,
lift_pot,9,100029,,,,,
move_can_pot,0,100000,,,,,
move_can_pot,1,100001,,,,,
move_can_pot,2,100002,,,,,
move_can_pot,3,100003,,,,,
move_can_pot,4,100004,,,,,
move_can_pot,5,100005,,,,,
move_can_pot,6,100006,,,,,
move_can_pot,7,100007,,,,,
move_can_pot,8,100008,,,,,
move_can_pot,9,100009,,,,,
move_pillbottle_pad,0,100001,,,,,
move_pillbottle_pad,1,100002,,,,,
move_pillbottle_pad,2,100003,,,,,
move_pillbottle_pad,3,100004,,,,,
move_pillbottle_pad,4,100006,,,,,
move_pillbottle_pad,5,100007,,,,,
move_pillbottle_pad,6,100010,,,,,
move_pillbottle_pad,7,100011,,,,,
move_pillbottle_pad,8,100013,,,,,
move_pillbottle_pad,9,100015,,,,,
move_playingcard_away,0,100000,,,,,
move_playingcard_away,1,100001,,,,,
move_playingcard_away,2,100002,,,,,
move_playingcard_away,3,100003,,,,,
move_playingcard_away,4,100004,,,,,
move_playingcard_away,5,100005,,,,,
move_playingcard_away,6,100007,,,,,
move_playingcard_away,7,100008,,,,,
move_playingcard_away,8,100009,,,,,
move_playingcard_away,9,100010,,,,,
move_stapler_pad,0,100000,,,,,
move_stapler_pad,1,100001,,,,,
move_stapler_pad,2,100002,,,,,
move_stapler_pad,3,100003,,,,,
move_stapler_pad,4,100004,,,,,
move_stapler_pad,5,100005,,,,,
move_stapler_pad,6,100006,,,,,
move_stapler_pad,7,100007,,,,,
move_stapler_pad,8,100008,,,,,
move_stapler_pad,9,100011,,,,,
open_laptop,0,100000,,,,,
open_laptop,1,100001,,,,,
open_laptop,2,100002,,,,,
open_laptop,3,100004,,,,,
open_laptop,4,100006,,,,,
open_laptop,5,100007,,,,,
open_laptop,6,100008,,,,,
open_laptop,7,100009,,,,,
open_laptop,8,100011,,,,,
open_laptop,9,100012,,,,,
open_microwave,0,100000,,,,,
open_microwave,1,100001,,,,,
open_microwave,2,100002,,,,,
open_microwave,3,100003,,,,,
open_microwave,4,100004,,,,,
open_microwave,5,100005,,,,,
open_microwave,6,100006,,,,,
open_microwave,7,100008,,,,,
open_microwave,8,100010,,,,,
open_microwave,9,100011,,,,,
pick_diverse_bottles,0,100005,,,,,
pick_diverse_bottles,1,100007,,,,,
pick_diverse_bottles,2,100008,,,,,
pick_diverse_bottles,3,100009,,,,,
pick_diverse_bottles,4,100013,,,,,
pick_diverse_bottles,5,100020,,,,,
pick_diverse_bottles,6,100024,,,,,
pick_diverse_bottles,7,100026,,,,,
pick_diverse_bottles,8,100027,,,,,
pick_diverse_bottles,9,100029,,,,,
pick_dual_bottles,0,100000,,,,,
pick_dual_bottles,1,100001,,,,,
pick_dual_bottles,2,100002,,,,,
pick_dual_bottles,3,100003,,,,,
pick_dual_bottles,4,100004,,,,,
pick_dual_bottles,5,100005,,,,,
pick_dual_bottles,6,100006,,,,,
pick_dual_bottles,7,100007,,,,,
pick_dual_bottles,8,100008,,,,,
pick_dual_bottles,9,100009,,,,,
place_a2b_left,0,100000,,,,,
place_a2b_left,1,100004,,,,,
place_a2b_left,2,100005,,,,,
place_a2b_left,3,100006,,,,,
place_a2b_left,4,100007,,,,,
place_a2b_left,5,100008,,,,,
place_a2b_left,6,100009,,,,,
place_a2b_left,7,100010,,,,,
place_a2b_left,8,100011,,,,,
place_a2b_left,9,100012,,,,,
place_a2b_right,0,100000,,,,,
place_a2b_right,1,100001,,,,,
place_a2b_right,2,100002,,,,,
place_a2b_right,3,100004,,,,,
place_a2b_right,4,100006,,,,,
place_a2b_right,5,100007,,,,,
place_a2b_right,6,100008,,,,,
place_a2b_right,7,100011,,,,,
place_a2b_right,8,100012,,,,,
place_a2b_right,9,100014,,,,,
place_bread_basket,0,100000,,,,,
place_bread_basket,1,100001,,,,,
place_bread_basket,2,100003,,,,,
place_bread_basket,3,100004,,,,,
place_bread_basket,4,100005,,,,,
place_bread_basket,5,100006,,,,,
place_bread_basket,6,100007,,,,,
place_bread_basket,7,100008,,,,,
place_bread_basket,8,100009,,,,,
place_bread_basket,9,100010,,,,,
place_bread_skillet,0,100001,,,,,
place_bread_skillet,1,100003,,,,,
place_bread_skillet,2,100008,,,,,
place_bread_skillet,3,100013,,,,,
place_bread_skillet,4,100017,,,,,
place_bread_skillet,5,100022,,,,,
place_bread_skillet,6,100024,,,,,
place_bread_skillet,7,100029,,,,,
place_bread_skillet,8,100034,,,,,
place_bread_skillet,9,100035,,,,,
place_burger_fries,0,100000,,,,,
place_burger_fries,1,100001,,,,,
place_burger_fries,2,100002,,,,,
place_burger_fries,3,100003,,,,,
place_burger_fries,4,100004,,,,,
place_burger_fries,5,100005,,,,,
place_burger_fries,6,100006,,,,,
place_burger_fries,7,100007,,,,,
place_burger_fries,8,100008,,,,,
place_burger_fries,9,100009,,,,,
place_can_basket,0,100002,,,,,
place_can_basket,1,100003,,,,,
place_can_basket,2,100004,,,,,
place_can_basket,3,100005,,,,,
place_can_basket,4,100006,,,,,
place_can_basket,5,100007,,,,,
place_can_basket,6,100008,,,,,
place_can_basket,7,100010,,,,,
place_can_basket,8,100011,,,,,
place_can_basket,9,100012,,,,,
place_cans_plasticbox,0,100000,,,,,
place_cans_plasticbox,1,100002,,,,,
place_cans_plasticbox,2,100003,,,,,
place_cans_plasticbox,3,100004,,,,,
place_cans_plasticbox,4,100005,,,,,
place_cans_plasticbox,5,100006,,,,,
place_cans_plasticbox,6,100007,,,,,
place_cans_plasticbox,7,100008,,,,,
place_cans_plasticbox,8,100009,,,,,
place_cans_plasticbox,9,100010,,,,,
place_container_plate,0,100000,,,,,
place_container_plate,1,100001,,,,,
place_container_plate,2,100002,,,,,
place_container_plate,3,100003,,,,,
place_container_plate,4,100005,,,,,
place_container_plate,5,100006,,,,,
place_container_plate,6,100007,,,,,
place_container_plate,7,100008,,,,,
place_container_plate,8,100009,,,,,
place_container_plate,9,100011,,,,,
place_dual_shoes,0,100000,,,,,
place_dual_shoes,1,100001,,,,,
place_dual_shoes,2,100002,,,,,
place_dual_shoes,3,100003,,,,,
place_dual_shoes,4,100004,,,,,
place_dual_shoes,5,100005,,,,,
place_dual_shoes,6,100008,,,,,
place_dual_shoes,7,100011,,,,,
place_dual_shoes,8,100012,,,,,
place_dual_shoes,9,100013,,,,,
place_empty_cup,0,100000,,,,,
place_empty_cup,1,100001,,,,,
place_empty_cup,2,100002,,,,,
place_empty_cup,3,100003,,,,,
place_empty_cup,4,100004,,,,,
place_empty_cup,5,100005,,,,,
place_empty_cup,6,100006,,,,,
place_empty_cup,7,100007,,,,,
place_empty_cup,8,100008,,,,,
place_empty_cup,9,100009,,,,,
place_fan,0,100000,,,,,
place_fan,1,100002,,,,,
place_fan,2,100003,,,,,
place_fan,3,100005,,,,,
place_fan,4,100006,,,,,
place_fan,5,100009,,,,,
place_fan,6,100010,,,,,
place_fan,7,100011,,,,,
place_fan,8,100012,,,,,
place_fan,9,100013,,,,,
place_mouse_pad,0,100000,,,,,
place_mouse_pad,1,100001,,,,,
place_mouse_pad,2,100002,,,,,
place_mouse_pad,3,100003,,,,,
place_mouse_pad,4,100004,,,,,
place_mouse_pad,5,100005,,,,,
place_mouse_pad,6,100006,,,,,
place_mouse_pad,7,100007,,,,,
place_mouse_pad,8,100008,,,,,
place_mouse_pad,9,100009,,,,,
place_object_basket,0,100000,,,,,
place_object_basket,1,100002,,,,,
place_object_basket,2,100003,,,,,
place_object_basket,3,100007,,,,,
place_object_basket,4,100008,,,,,
place_object_basket,5,100009,,,,,
place_object_basket,6,100012,,,,,
place_object_basket,7,100013,,,,,
place_object_basket,8,100014,,,,,
place_object_basket,9,100018,,,,,
place_object_scale,0,100000,,,,,
place_object_scale,1,100001,,,,,
place_object_scale,2,100002,,,,,
place_object_scale,3,100004,,,,,
place_object_scale,4,100005,,,,,
place_object_scale,5,100006,,,,,
place_object_scale,6,100009,,,,,
place_object_scale,7,100010,,,,,
place_object_scale,8,100011,,,,,
place_object_scale,9,100012,,,,,
place_object_stand,0,100001,,,,,
place_object_stand,1,100002,,,,,
place_object_stand,2,100003,,,,,
place_object_stand,3,100004,,,,,
place_object_stand,4,100005,,,,,
place_object_stand,5,100006,,,,,
place_object_stand,6,100007,,,,,
place_object_stand,7,100008,,,,,
place_object_stand,8,100009,,,,,
place_object_stand,9,100010,,,,,
place_phone_stand,0,100000,,,,,
place_phone_stand,1,100009,,,,,
place_phone_stand,2,100010,,,,,
place_phone_stand,3,100012,,,,,
place_phone_stand,4,100013,,,,,
place_phone_stand,5,100014,,,,,
place_phone_stand,6,100015,,,,,
place_phone_stand,7,100017,,,,,
place_phone_stand,8,100020,,,,,
place_phone_stand,9,100021,,,,,
place_shoe,0,100001,,,,,
place_shoe,1,100002,,,,,
place_shoe,2,100003,,,,,
place_shoe,3,100004,,,,,
place_shoe,4,100005,,,,,
place_shoe,5,100006,,,,,
place_shoe,6,100008,,,,,
place_shoe,7,100010,,,,,
place_shoe,8,100012,,,,,
place_shoe,9,100013,,,,,
press_stapler,0,100000,,,,,
press_stapler,1,100001,,,,,
press_stapler,2,100002,,,,,
press_stapler,3,100003,,,,,
press_stapler,4,100004,,,,,
press_stapler,5,100006,,,,,
press_stapler,6,100007,,,,,
press_stapler,7,100009,,,,,
press_stapler,8,100010,,,,,
press_stapler,9,100011,,,,,
put_bottles_dustbin,0,100000,,,,,
put_bottles_dustbin,1,100002,,,,,
put_bottles_dustbin,2,100003,,,,,
put_bottles_dustbin,3,100017,,,,,
put_bottles_dustbin,4,100010,,,,,
put_bottles_dustbin,5,100011,,,,,
put_bottles_dustbin,6,100013,,,,,
put_bottles_dustbin,7,100016,,,,,
put_bottles_dustbin,8,100021,,,,,
put_bottles_dustbin,9,100022,,,,,
put_object_cabinet,0,100010,,,,,
put_object_cabinet,1,100026,,,,,
put_object_cabinet,2,100049,,,,,
put_object_cabinet,3,100055,,,,,
put_object_cabinet,4,100056,,,,,
put_object_cabinet,5,100079,,,,,
put_object_cabinet,6,100091,,,,,
put_object_cabinet,7,100121,,,,,
put_object_cabinet,8,100151,,,,,
put_object_cabinet,9,100156,,,,,
rotate_qrcode,0,100000,,,,,
rotate_qrcode,1,100001,,,,,
rotate_qrcode,2,100002,,,,,
rotate_qrcode,3,100004,,,,,
rotate_qrcode,4,100005,,,,,
rotate_qrcode,5,100006,,,,,
rotate_qrcode,6,100007,,,,,
rotate_qrcode,7,100008,,,,,
rotate_qrcode,8,100009,,,,,
rotate_qrcode,9,100011,,,,,
scan_object,0,100007,,,,,
scan_object,1,100009,,,,,
scan_object,2,100013,,,,,
scan_object,3,100015,,,,,
scan_object,4,100024,,,,,
scan_object,5,100029,,,,,
scan_object,6,100031,,,,,
scan_object,7,100033,,,,,
scan_object,8,100043,,,,,
scan_object,9,100047,,,,,
shake_bottle,0,100001,,,,,
shake_bottle,1,100002,,,,,
shake_bottle,2,100003,,,,,
shake_bottle,3,100004,,,,,
shake_bottle,4,100007,,,,,
shake_bottle,5,100008,,,,,
shake_bottle,6,100010,,,,,
shake_bottle,7,100011,,,,,
shake_bottle,8,100013,,,,,
shake_bottle,9,100014,,,,,
shake_bottle_horizontally,0,100001,,,,,
shake_bottle_horizontally,1,100002,,,,,
shake_bottle_horizontally,2,100003,,,,,
shake_bottle_horizontally,3,100004,,,,,
shake_bottle_horizontally,4,100007,,,,,
shake_bottle_horizontally,5,100008,,,,,
shake_bottle_horizontally,6,100010,,,,,
shake_bottle_horizontally,7,100011,,,,,
shake_bottle_horizontally,8,100013,,,,,
shake_bottle_horizontally,9,100014,,,,,
stack_blocks_three,0,100000,,,,,
stack_blocks_three,1,100001,,,,,
stack_blocks_three,2,100002,,,,,
stack_blocks_three,3,100003,,,,,
stack_blocks_three,4,100004,,,,,
stack_blocks_three,5,100005,,,,,
stack_blocks_three,6,100006,,,,,
stack_blocks_three,7,100007,,,,,
stack_blocks_three,8,100008,,,,,
stack_blocks_three,9,100009,,,,,
stack_blocks_two,0,100000,,,,,
stack_blocks_two,1,100001,,,,,
stack_blocks_two,2,100002,,,,,
stack_blocks_two,3,100003,,,,,
stack_blocks_two,4,100004,,,,,
stack_blocks_two,5,100005,,,,,
stack_blocks_two,6,100006,,,,,
stack_blocks_two,7,100007,,,,,
stack_blocks_two,8,100008,,,,,
stack_blocks_two,9,100010,,,,,
stack_bowls_three,0,100000,,,,,
stack_bowls_three,1,100001,,,,,
stack_bowls_three,2,100002,,,,,
stack_bowls_three,3,100006,,,,,
stack_bowls_three,4,100007,,,,,
stack_bowls_three,5,100008,,,,,
stack_bowls_three,6,100012,,,,,
stack_bowls_three,7,100016,,,,,
stack_bowls_three,8,100021,,,,,
stack_bowls_three,9,100023,,,,,
stack_bowls_two,0,100000,,,,,
stack_bowls_two,1,100001,,,,,
stack_bowls_two,2,100002,,,,,
stack_bowls_two,3,100004,,,,,
stack_bowls_two,4,100006,,,,,
stack_bowls_two,5,100010,,,,,
stack_bowls_two,6,100013,,,,,
stack_bowls_two,7,100015,,,,,
stack_bowls_two,8,100016,,,,,
stack_bowls_two,9,100019,,,,,
stamp_seal,0,100003,,,,,
stamp_seal,1,100004,,,,,
stamp_seal,2,100005,,,,,
stamp_seal,3,100006,,,,,
stamp_seal,4,100007,,,,,
stamp_seal,5,100010,,,,,
stamp_seal,6,100011,,,,,
stamp_seal,7,100012,,,,,
stamp_seal,8,100013,,,,,
stamp_seal,9,100015,,,,,
turn_switch,0,100000,,,,,
turn_switch,1,100002,,,,,
turn_switch,2,100003,,,,,
turn_switch,3,100005,,,,,
turn_switch,4,100006,,,,,
turn_switch,5,100007,,,,,
turn_switch,6,100008,,,,,
turn_switch,7,100009,,,,,
turn_switch,8,100010,,,,,
turn_switch,9,100011,,,,,
